Country,1950,1955,1960,1965,1970,1975,1980,1985,1990,1995,2000,2005,2010,2015,2020,2025,2030,2035,2040,2045,2050
 Afghanistan,8151,8892,9830,10998,12431,14133,15045,13120,13569,19446,22462,26335,29121,32565,36644,41118,45665,50195,54717,59256,63796
 Albania,1228,1393,1624,1884,2157,2402,2672,2957,3245,3159,3159,3025,2987,3030,3075,3105,3103,3063,2994,2913,2825
 Algeria,8893,9842,10910,11964,13932,16141,18807,22009,25191,28322,30639,32918,35950,39543,42973,45842,48149,50118,52030,53894,55445
 American Samoa,20,20,21,25,28,30,33,39,48,54,58,57,56,55,54,54,53,52,51,50,50
 Andorra,7,7,9,14,20,27,34,45,53,64,66,77,85,86,86,86,85,83,82,79,75
 Angola,4118,4424,4798,5135,5606,6051,7206,8390,9486,11000,12683,14770,17043,19626,22485,25674,29155,32910,36948,41280,45889
 Anguilla,6,6,6,6,7,7,7,7,9,10,12,14,15,17,19,20,22,23,25,26,27
 Antigua and Barbuda,46,52,55,60,66,69,69,65,65,69,76,82,87,93,99,104,110,114,118,121,123
 Argentina,17151,18928,20617,22284,23963,26082,28370,30672,33036,35274,37336,39182,41344,43432,45379,47165,48796,50273,51574,52663,53512
 Armenia,1356,1566,1869,2206,2520,2835,3134,3465,3530,3131,3101,3085,3072,3057,3022,2962,2884,2796,2699,2590,2469
 Aruba,50,54,58,60,60,60,60,62,64,80,90,97,105,113,120,127,133,138,143,147,151
 Australia,8268,9278,10362,11440,12661,13772,14616,15696,16957,17976,19054,20233,21516,22752,23939,25054,26056,26932,27702,28390,29013
 Austria,6936,6947,7048,7271,7468,7579,7550,7560,7723,8048,8114,8315,8448,8666,8860,8988,9075,9121,9136,9129,9108
 Azerbaijan,2886,3314,3882,4567,5169,5697,6199,6846,7498,8051,8464,8826,9302,9781,10206,10534,10782,10974,11118,11201,11210
 Bahamas,71,88,113,140,171,190,210,229,246,266,283,297,311,325,338,350,359,365,369,372,372
 Bahrain,115,131,157,192,220,259,348,424,506,583,655,916,1181,1347,1506,1580,1639,1701,1759,1806,1848
 Bangladesh,45646,49589,54593,60285,67332,76153,87938,102309,112213,121443,132151,144139,156119,168958,169778,178312,185605,191616,196224,199442,201249
 Barbados,211,228,233,235,239,248,252,258,263,268,274,281,286,291,295,298,298,297,294,289,283
 Belarus,7723,7781,8168,8591,9028,9361,9644,9982,10201,10205,10034,9807,9681,9590,9478,9326,9145,8957,8768,8567,8340
 Belgium,8640,8869,9119,9449,9638,9795,9847,9859,9970,10156,10264,10470,10866,11324,11721,12038,12268,12439,12583,12695,12773
 Belize,66,77,92,107,123,136,145,166,191,218,249,282,315,348,380,412,441,470,496,521,544
 Benin,1673,1847,2056,2311,2620,2996,3459,4031,4706,5647,6620,7778,9057,10449,11957,13565,15249,16971,18703,20425,22119
 Bermuda,39,42,45,49,53,54,55,57,58,61,64,66,69,71,72,73,74,74,73,72,70
 Bhutan,164,187,213,255,310,373,447,530,615,567,606,655,700,742,783,821,855,886,912,935,952
 Bolivia,2767,3075,3435,3854,4347,4915,5442,5935,6574,7375,8196,9073,9948,10801,11640,12464,13263,14025,14740,15401,16004
 Bosnia and Herzegovina,2663,2975,3241,3494,3704,3981,4093,4227,4315,3547,3806,3894,3885,3868,3836,3788,3717,3619,3498,3362,3217
 Botswana,431,462,497,539,584,705,901,1080,1265,1478,1680,1841,2030,2183,2313,2426,2520,2606,2691,2780,2872
 Brazil,53444,61652,71412,82602,94931,107328,121064,135734,149410,161912,174316,186021,195835,204260,216016,223028,228720,233068,236077,237826,238390
 British Virgin Islands,7,7,8,9,10,11,11,14,16,20,23,26,30,34,38,42,46,49,53,57,60
 Brunei,45,61,84,103,128,157,186,218,253,288,326,362,396,430,465,499,532,562,590,615,639
 Bulgaria,7251,7500,7868,8202,8490,8721,8844,8944,8895,8285,7909,7612,7392,7187,6967,6729,6482,6238,6001,5768,5532
 Burkina Faso,4377,4615,4866,5032,5304,5674,6319,7171,8362,9903,11588,13904,16242,18932,21978,25385,29154,33271,37715,42448,47430
 Burundi,2363,2577,2816,3171,3522,3677,4298,4915,5509,5800,6716,7789,9121,10743,12632,14792,17246,20029,23154,26615,30392
 Cambodia,4472,5049,5762,6602,7395,7500,6889,7842,9368,11235,12352,13298,14454,15709,16927,18038,19031,19945,20810,21618,22339
 Cameroon,4888,5211,5609,6104,6727,7522,8756,10227,11984,13828,15818,18132,20823,23740,26970,30509,34353,38465,42797,47292,51913
 Canada,14012,16051,18267,20072,21750,23210,24594,25942,27791,29691,31100,32387,33760,35100,36388,37559,38565,39396,40071,40636,41136
 Cape Verde,147,170,197,232,269,281,297,317,340,386,431,471,509,546,584,620,652,681,705,726,742
 Cayman Islands,7,7,8,9,11,15,18,21,27,33,39,45,51,57,62,68,74,79,83,88,92
 Central African Republic,1260,1349,1468,1628,1840,2058,2349,2715,3085,3545,3980,4364,4845,5392,5991,6638,7326,8046,8792,9558,10339
 Chad,2608,2806,3043,3345,3728,4145,4523,5067,5842,6770,7943,9401,10544,11632,12756,13915,15115,16362,17659,19007,20474
 Chile,6091,6744,7586,8510,9369,10208,10999,11953,13008,14173,15175,15980,16760,17509,18187,18765,19204,19499,19669,19731,19689
 China,562580,607047,651340,716667,822116,920295,987822,1061876,1153164,1221056,1268302,1302285,1336681,1367486,1397026,1410807,1419019,1424558,1428383,1433211,1437978
 Colombia,11592,13589,15953,18647,21430,24125,26632,29748,33148,36532,38911,41488,44206,46737,49085,51195,52965,54345,55335,55956,56228
 Comoros,149,164,183,207,237,276,340,383,431,483,546,624,707,781,847,906,964,1022,1079,1128,1170
 Cook Islands,15,17,18,20,21,20,19,18,19,19,17,14,12,10,9,8,7,7,6,6,6
 Costa Rica,867,1032,1249,1488,1736,1992,2300,2645,3024,3445,3883,4209,4517,4815,5098,5354,5572,5750,5892,5998,6066
 Croatia,3838,3956,4037,4134,4206,4256,4384,4458,4509,4497,4411,4496,4487,4465,4428,4375,4301,4210,4104,3989,3865
 Cuba,5785,6382,7028,7810,8543,9291,9653,10065,10507,10848,11072,11199,11099,11032,10932,10785,10575,10298,9962,9579,9162
 Curaçao,102,112,124,134,145,150,148,154,146,142,134,137,144,149,152,154,155,155,154,153,151
 Cyprus,495,533,579,601,628,627,631,680,746,848,920,1011,1103,1190,1267,1330,1375,1402,1414,1410,1393
 Czech Republic,8926,9366,9660,9777,9796,10043,10289,10311,10310,10324,10269,10267,10551,10645,10703,10697,10628,10529,10433,10332,10210
 Democratic Republic of the Congo,13569,14953,16611,18856,21781,25033,29011,33348,39152,46705,52446,60699,69852,79376,89250,99163,108872,118299,127440,136285,144806
 Denmark,4272,4440,4582,4759,4929,5060,5124,5114,5141,5233,5338,5433,5516,5582,5643,5698,5731,5728,5691,5635,5576
 Djibouti,80,91,112,143,180,227,327,383,500,554,670,667,741,829,922,1017,1110,1195,1271,1338,1396
 Dominica,52,57,60,64,70,74,74,74,71,72,71,73,73,74,75,75,74,73,71,68,65
 Dominican Republic,2353,2738,3232,3806,4423,5049,5697,6379,7084,7759,8469,9165,9824,10479,11110,11703,12240,12705,13097,13425,13691
 Timor-Leste,436,473,509,554,598,677,558,649,740,868,768,985,1088,1232,1384,1540,1690,1829,1958,2079,2192
 Ecuador,3370,3843,4416,5118,5940,6872,7921,9062,10319,11266,12446,13663,14791,15869,16905,17868,18744,19514,20165,20695,21103
 Egypt,21198,23856,26847,30266,33575,36953,42635,50053,54908,58946,65159,72544,80472,88488,99667,107653,111058,118256,125242,131823,137873
 El Salvador,1940,2222,2582,3018,3604,4073,4571,4672,5110,5480,5850,5957,6053,6142,6218,6289,6341,6354,6324,6263,6182
 Equatorial Guinea,212,226,244,253,271,214,257,326,372,427,492,568,651,741,837,936,1037,1139,1238,1335,1429
 Eritrea,1403,1499,1615,1747,2161,2422,2569,2942,3138,3566,4198,5070,5793,6528,7260,7988,8710,9421,10109,10765,11382
 Estonia,1096,1155,1211,1288,1364,1433,1483,1539,1570,1447,1380,1332,1303,1266,1229,1183,1132,1080,1029,978,924
 Ethiopia,20175,21991,24169,26741,29469,32976,36037,40684,47555,55726,64366,74355,86043,99466,114641,131261,149123,168007,187611,207685,228067
 Faroe Islands,32,33,35,38,39,41,44,46,48,44,46,49,50,51,52,54,55,56,57,57,58
 Federated States of Micronesia,31,36,42,49,57,67,78,91,109,106,108,109,108,106,103,99,95,91,86,80,75
 Fiji,288,333,394,464,522,577,635,699,740,773,805,837,876,910,936,957,973,986,999,1008,1014
 Finland,4009,4235,4430,4564,4607,4712,4780,4902,4987,5105,5169,5239,5355,5477,5572,5631,5646,5623,5580,5530,5476
 France,42540,44243,46612,49834,51955,53998,55164,56561,58256,59824,61256,63060,64941,66554,67849,68861,69604,70051,70154,69936,69485
 French Polynesia,63,72,82,95,115,134,151,176,200,217,236,254,269,283,296,306,314,320,324,325,325
 Gabon,416,429,447,475,515,648,714,834,939,1070,1237,1396,1546,1706,1877,2064,2267,2484,2717,2965,3230
 Georgia,3516,3828,4147,4465,4695,4898,5046,5193,5432,5042,4819,4791,4903,4932,4931,4930,4905,4869,4829,4781,4715
 Germany,68375,70196,72481,75639,77784,78683,78298,77685,79381,81654,82184,82440,81645,80855,82983,80027,78022,76590,74984,73277,71542
 Ghana,5298,6049,6959,8010,8789,10100,11153,13573,15549,17322,18982,21107,23572,26328,29341,32611,36120,39872,43862,48058,52416
 Gibraltar,23,24,25,26,27,30,29,29,30,27,28,29,29,30,30,30,30,30,30,29,29
 Greece,7567,7966,8328,8551,8793,9047,9643,9924,10130,10458,10560,10669,10750,10776,10743,10671,10584,10485,10367,10218,10036
 Greenland,23,27,33,40,47,50,51,54,56,57,57,58,58,58,58,58,57,55,54,52,50
 Grenada,76,85,91,94,96,96,91,94,95,98,102,105,108,111,114,115,116,116,116,115,115
 Guam,60,69,67,75,87,103,107,121,135,145,156,159,160,162,169,177,185,191,196,199,202
 Guatemala,2969,3488,4100,4746,5265,5911,6650,7581,8966,10028,11086,12183,13551,14919,16265,17565,18798,19960,21049,22062,22996
 Guernsey,46,47,47,51,54,54,54,56,63,61,62,64,65,67,68,68,69,68,68,68,67
 Guinea,2586,2787,3027,3314,3644,4019,4448,5227,6119,7446,8351,9154,10325,11781,13420,15241,17226,19354,21609,23966,26408
 Guinea-Bissau,574,592,617,604,621,681,789,886,996,1144,1279,1415,1566,1727,1893,2062,2231,2400,2568,2733,2895
 Guyana,428,492,572,641,715,768,760,763,772,769,785,775,746,736,751,782,813,840,859,871,879
 Haiti,3098,3365,3697,4094,4541,4974,5508,6120,6798,7571,8413,9205,9649,10111,10693,11253,11784,12267,12690,13049,13353
 Honduras,1432,1663,1952,2330,2761,2858,3403,4078,4795,5551,6360,7194,7990,8747,9466,10144,10786,11389,11951,12469,12949
 Hong Kong,2238,2491,3076,3598,3960,4396,5064,5457,5688,6223,6656,6905,7030,7142,7250,7297,7276,7185,7033,6841,6624
 Hungary,9339,9826,9984,10153,10338,10532,10712,10649,10372,10281,10148,10058,9993,9898,9772,9616,9426,9212,8983,8743,8490
 Iceland,143,159,176,193,205,219,229,242,255,268,282,297,318,332,358,387,391,393,397,403,407
 India,369881,404268,445394,494964,553889,618923,684888,759613,838159,920585,1006301,1090974,1173109,1251696,1326094,1396047,1460744,1519491,1571716,1617238,1656554
 Indonesia,82979,90255,100146,110754,122292,135214,150322,166070,181600,197604,214091,229245,243423,255994,279080,288429,296450,305653,314085,321524,327282
 Iran,16358,18739,21600,25040,28995,33468,39709,48619,58101,64218,68632,72283,76924,81825,86544,91882,93869,96673,98385,102281,107184
 Iraq,5164,5904,6823,7971,9414,11118,13233,15694,18140,19658,23129,27538,30527,37057,42213,47657,53387,59262,65148,70924,76520
 Ireland,2964,2917,2833,2877,2951,3178,3402,3541,3509,3614,3823,4200,4623,4893,5177,5418,5632,5833,6023,6195,6334
 Isle of Man,55,52,48,49,53,60,65,65,69,73,76,80,84,88,91,93,94,95,95,94,93
 Israel,1287,1771,2139,2573,2895,3342,3721,4050,4460,5335,6098,6726,7369,8050,9178,9449,10041,10588,11223,11819,12365
 Italy,47106,48634,50198,51988,53662,55572,56452,56719,56714,57295,57785,59038,60749,61856,62403,62592,62623,62531,62319,61957,61416
 Ivory Coast,2861,3165,3577,4357,5580,7031,8594,10332,12491,14846,16885,18921,21059,23296,25504,27652,29724,31712,33610,35412,37112
 Jamaica,1385,1489,1632,1778,1944,2105,2229,2319,2348,2470,2616,2737,2848,2951,3052,3152,3246,3332,3411,3484,3555
 Japan,83806,89816,94092,98883,104345,111574,116808,120755,123538,125328,126776,127716,127580,126920,126138,123366,120752,117747,114449,110907,107210
 Jersey,57,60,63,67,70,73,76,80,84,85,88,89,94,98,102,105,107,108,108,108,108
 Jordan,562,689,853,1069,1516,1822,2190,2669,3321,4249,4786,5363,6501,8118,7690,8321,8989,9638,10263,10857,11412
 Kazakhstan,6694,7977,9983,11903,13107,14158,15000,15999,16776,16390,15688,16123,17085,18158,19092,19810,20379,20887,21401,21878,22238
 Kenya,6122,7034,8157,9550,11248,13434,16331,19763,23361,27164,30606,35247,40844,45926,49859,53197,56553,60244,64059,67608,70756
 Kiribati,34,37,41,45,49,54,58,63,72,77,86,93,100,106,112,118,124,129,133,137,140
 Kosovo,762,854,947,1079,1220,1370,1522,1683,1862,2029,1701,1768,1816,1871,1933,2000,2066,2123,2169,2203,2223
 Kuwait,145,187,293,477,748,1007,1370,1733,2132,1665,1973,2257,2544,2789,2994,3170,3331,3482,3624,3751,3864
 Kyrgyzstan,1739,1902,2172,2574,2964,3301,3632,4062,4484,4621,4938,5165,5411,5665,5965,6219,6432,6624,6803,6956,7064
 Laos,1886,2078,2310,2566,2845,3162,3294,3658,4211,4847,5398,5837,6369,6912,7448,7972,8473,8933,9349,9727,10069
 Latvia,1937,2003,2116,2254,2362,2462,2525,2607,2664,2481,2369,2259,2116,1987,1882,1773,1662,1553,1450,1349,1250
 Lebanon,1365,1561,1787,2058,2384,2693,2902,3177,3452,3673,3835,4139,4493,6185,5470,5397,5528,5624,5677,5674,5622
 Lesotho,727,787,859,953,1068,1196,1359,1552,1704,1848,1917,1923,1920,1948,1970,1971,1952,1927,1907,1905,1921
 Liberia,824,929,1055,1209,1397,1617,1858,2162,2139,1901,2601,2931,3686,4196,4728,5284,5862,6452,7043,7625,8193
 Liechtenstein,14,15,17,19,22,24,26,27,29,31,33,35,37,38,40,41,42,43,44,44,44
 Lithuania,2554,2615,2765,2960,3138,3306,3436,3588,3684,3510,3490,3327,3089,2885,2732,2574,2413,2253,2099,1949,1802
 Luxembourg,296,305,314,332,340,359,365,368,383,410,439,468,510,571,629,681,725,764,800,833,865
 Libya,962,1123,1338,1624,2000,2569,3061,3661,4099,4584,5025,5571,6111,6412,6943,7375,7773,8138,8466,8747,8971
 Macau,206,193,187,224,262,255,256,306,352,402,432,475,568,593,615,631,640,644,642,634,621
 North Macedonia,1225,1341,1367,1470,1575,1685,1793,1845,1862,1955,2015,2046,2073,2097,2113,2120,2114,2097,2069,2034,1991
 Madagascar,4621,5003,5482,6071,6766,7604,8692,10029,11633,13533,15713,18132,20847,23813,26956,30183,33418,36615,39759,42834,45808
 Malawi,2817,3089,3451,3915,4509,5318,6258,7321,9360,9809,11130,12864,15183,17965,21197,24958,29275,34155,39573,45478,51781
 Malaysia,6434,7312,8429,9648,10911,12131,13461,15650,17883,20340,23152,25969,28275,30514,32653,34684,36619,38448,40124,41620,42929
 Maldives,80,81,93,98,115,133,153,178,217,261,300,337,396,394,392,389,402,416,427,437,445
 Mali,3688,4072,4495,4978,5547,6218,6869,7623,8487,9489,10788,12528,14583,16956,19714,22534,25619,28805,32027,35238,38396
 Malta,312,315,329,320,326,328,365,348,360,377,390,399,407,414,420,422,420,416,410,403,396
 Marshall Islands,11,13,16,18,22,27,31,39,46,50,54,60,66,73,78,84,89,93,98,101,104
 Mauritania,1006,1054,1118,1196,1290,1405,1545,1724,1925,2235,2501,2838,3206,3597,4006,4426,4851,5280,5707,6128,6537
 Mauritius,482,572,664,756,830,886,964,1021,1062,1124,1186,1243,1295,1340,1380,1413,1437,1452,1457,1453,1442
 Mexico,28486,32930,38579,45143,52776,60679,68348,76601,84635,92584,99776,106577,114062,121737,128650,134829,140063,144287,147495,149612,150568
 Moldova,2337,2623,2999,3334,3595,3847,3997,4149,4375,4356,4181,3949,3732,3547,3365,3177,2985,2794,2609,2432,2262
 Monaco,19,19,21,23,24,26,27,29,30,31,32,32,31,31,31,32,33,33,33,32,30
 Mongolia,779,845,955,1091,1248,1446,1656,1860,2122,2307,2461,2603,2784,2993,3169,3302,3403,3490,3570,3633,3670
 Montenegro,396,432,462,492,515,550,561,561,584,671,733,700,667,648,640,636,629,621,610,596,578
 Montserrat,14,13,13,12,12,13,12,12,11,11,4,5,6,6,6,6,6,6,6,6,6
 Morocco,9344,10782,12424,14067,15910,17688,19488,21644,24000,26148,28114,29901,31628,33323,34956,39485,42887,45148,48267,52231,57027
 Mozambique,6251,6782,7473,8302,9305,10433,12103,13294,12990,15889,17997,20069,22418,25304,28604,32307,36622,41434,46746,52586,58999
 Myanmar,19488,21050,22840,24938,27393,30330,33337,36766,40464,43994,47439,50573,53415,56321,59126,61748,64103,66155,67928,69445,70674
 Namibia,464,522,591,671,765,916,1059,1205,1471,1682,1894,2029,2129,2213,2263,2284,2281,2258,2223,2185,2150
 Nauru,4,4,5,6,7,8,8,9,10,10,10,11,10,10,10,11,11,11,12,12,12
   Nepal,8990,9480,10035,10863,11919,13156,14666,16570,18919,21877,24819,27094,28952,31552,34209,36623,38886,40940,42777,44447,45985
 Netherlands,10121,10759,11494,12302,13043,13665,14156,14505,14966,15477,15931,16300,16574,16948,17281,17573,17797,17935,17982,17960,17907
 New Caledonia,56,65,79,91,113,134,140,153,169,192,212,233,253,272,291,308,324,338,351,362,371
 New Zealand,1909,2137,2372,2641,2829,3118,3171,3324,3414,3643,3803,4049,4253,4439,4715,4776,4914,5023,5106,5164,5199
 Nicaragua,1098,1278,1493,1751,2053,2395,2804,3181,3644,4402,4867,5268,5605,5908,6204,6494,6754,6957,7101,7192,7234
 Niger,3272,3560,3913,4344,4841,5420,6094,6870,7826,9111,10726,12783,15271,18046,21152,24619,28382,32319,36318,40298,44222
 Nigeria,31797,35955,41551,48068,55591,64428,74829,84898,96685,109753,123946,141190,160342,181563,204950,241581,285894,301935,322187,364465,402224
 North Korea,9472,8864,10448,11965,14062,16015,17391,18831,20452,22108,22785,23621,24326,24984,25644,26243,26689,26956,27074,27074,26970
 Northern Mariana Islands,7,8,9,11,13,15,17,22,45,58,70,71,54,53,58,62,66,70,73,76,78
 Norway,3266,3428,3582,3724,3878,4008,4086,4153,4243,4360,4493,4625,4892,5208,5468,5683,5870,6026,6155,6267,6365
 Oman,489,540,602,682,784,921,1186,1498,1795,2139,2433,2697,2968,3287,3635,3982,4305,4601,4880,5147,5402
 Pakistan,40383,45536,51719,59047,67492,76457,85220,102079,118817,134186,152430,169279,184405,199086,213720,228386,242862,256594,269152,280553,290848
 Palau,8,9,10,11,13,13,14,14,16,18,20,21,21,22,22,23,23,23,23,24,23
 Palestine,1018,1055,1115,1212,1033,1201,1361,1578,1899,2508,3111,3599,4120,4656,5181,5680,6153,6606,7034,7426,7770
 Panama,893,1011,1148,1326,1532,1750,1960,2168,2394,2639,2900,3156,3411,3658,3895,4118,4323,4503,4654,4773,4860
 Papua New Guinea,1413,1546,1719,1941,2214,2505,2847,3229,3683,4216,4813,5440,6065,6673,7260,7824,8359,8859,9318,9733,10111
 Paraguay,1476,1684,1910,2171,2477,2849,3172,3634,4201,4826,5419,5926,6376,6784,7192,7603,7975,8280,8517,8700,8841
 Peru,7633,8672,9932,11468,13193,15162,17296,19380,21565,23864,25797,27443,28948,30445,31915,33284,34445,35376,36096,36619,36944
 Philippines,21132,24336,28026,32391,37253,42406,48290,54589,61481,68472,76452,84965,93137,100999,109181,117446,125685,133729,141428,148672,155381
 Poland,24825,27221,29590,31263,32527,33970,35579,37226,38120,38601,38655,38557,38617,38563,38283,37754,36985,36052,35028,33926,32739
 Portugal,8443,8693,9037,9129,9045,9412,9778,9898,9923,10066,10336,10567,10736,10826,10843,10807,10732,10616,10448,10220,9934
 Puerto Rico,2219,2251,2359,2597,2722,2936,3210,3383,3537,3684,3811,3822,3722,3599,3520,3477,3415,3330,3226,3109,2985
 Qatar,26,36,46,71,113,165,230,343,434,510,640,973,1720,2195,2445,2563,2596,2575,2550,2548,2559
 Republic of the Congo,827,904,1003,1124,1273,1456,1676,1927,2221,2570,2940,3473,4238,4756,5294,5948,6674,7475,8343,9259,10202
 Romania,16312,17326,18404,19028,20253,21246,22131,22522,22866,22688,22448,22198,21960,21667,21303,20873,20389,19870,19313,18712,18061
 Russia,101937,111126,119632,126542,130246,134294,139039,143938,147973,148759,147054,143320,142527,142424,145723,141120,138215,136313,134496,132432,129909
 Rwanda,2440,2699,3032,3265,3770,4357,5140,5987,7000,5473,8399,9612,11056,12662,14328,16081,17984,20081,22379,24859,27507
 Saint Barthélemy,3,3,3,3,3,3,3,4,6,7,8,8,8,8,8,8,8,7,7,7,7
 Saint Helena Ascension and Tristan da Cunha,6,6,6,6,6,7,7,8,7,7,8,8,8,8,8,8,8,8,8,8,8
 Saint Kitts and Nevis,45,50,52,49,47,45,44,43,42,44,46,48,50,52,54,56,57,58,58,58,57
 Saint Lucia,80,86,88,95,103,113,123,132,138,147,154,158,161,164,167,169,170,170,169,167,163
 Saint Martin,3,4,5,5,6,7,8,16,31,33,29,28,31,32,33,34,34,34,35,35,35
 Saint Pierre and Miquelon,5,5,5,6,6,6,6,7,7,7,7,7,6,6,6,6,5,5,5,4,4
 Saint Vincent and the Grenadines,67,76,82,86,88,93,99,104,108,109,108,107,105,103,102,101,100,99,97,96,94
 Samoa,82,94,111,128,143,151,160,161,163,169,177,185,193,198,204,211,218,225,232,239,246
 San Marino,13,14,16,18,20,20,22,23,24,25,28,30,32,34,35,36,36,37,37,36,36
 São Tomé and Príncipe,60,61,64,69,74,82,95,105,116,128,141,158,176,195,212,228,244,260,277,294,310
 Saudi Arabia,3860,4244,4719,5328,6110,7208,10022,13331,16061,18756,21312,23643,25732,27753,29819,31878,33826,35615,37250,38782,40251
 Senegal,2654,2927,3270,3744,4318,4990,5612,6379,7348,8379,9470,10805,12324,13976,15737,17581,19486,21430,23390,25337,27245
 Serbia,5957,6314,6659,6959,7249,7432,7588,7720,7787,7692,7605,7503,7345,7177,7013,6846,6673,6487,6288,6080,5870
 Seychelles,33,36,42,48,55,60,64,68,71,75,80,84,89,93,96,99,101,103,103,102,101
 Sierra Leone,2088,2233,2397,2582,2790,3031,3336,3704,4229,3882,3810,4709,5246,5880,6625,7501,8501,9611,10831,12161,13594
 Singapore,1023,1306,1647,1887,2075,2263,2414,2750,3048,3567,4064,4606,5141,5675,6210,6733,7223,7661,8036,8351,8610
 Sint Maarten,3,3,3,5,7,11,13,20,30,32,31,34,38,41,44,47,49,51,52,53,54
 Slovakia,3464,3727,3995,4370,4524,4730,4966,5145,5263,5362,5401,5408,5427,5446,5441,5406,5335,5238,5125,4997,4851
 Slovenia,1468,1518,1558,1621,1676,1723,1834,1915,1992,2003,2011,2012,2004,1984,1952,1908,1856,1798,1736,1669,1597
 Solomon Islands,107,115,127,144,164,194,231,273,322,376,434,496,560,623,686,748,808,866,921,971,1016
 Somalia,2438,2674,2956,3283,3667,4128,5794,6459,6693,6401,7501,8791,9768,10617,11758,13275,15041,16883,18769,20684,22627
 South Africa,13596,15369,17417,19899,22740,25816,29252,34255,38504,42148,44914,48105,51123,53676,56464,59109,61496,63603,65494,67163,68529
 South Korea,20846,21552,24785,28706,32242,35282,38125,40807,42870,45106,46839,48006,48637,49116,49362,49373,49003,48173,46912,45284,43369
 South Sudan,2707,2757,2809,2862,2915,3396,4668,5320,4960,5193,6297,7634,9585,12043,14559,16616,18682,20784,22866,24892,26844
 Spain,28063,29319,30642,32085,33877,35564,37489,38535,39351,39765,40590,43705,46506,48147,50016,51416,52446,53139,53451,53271,52491
 Sri Lanka,7534,8694,9914,11261,12619,13780,15056,15848,16862,17942,19042,20103,21084,22054,22890,23564,24120,24584,24935,25133,25167
 Sudan,6468,7391,8447,9653,11031,12708,14784,17507,21130,24517,27068,29884,32997,36109,41131,42942,46338,49857,53188,56279,59130
 Suriname,209,241,285,337,373,363,355,395,417,428,465,504,546,580,610,637,662,683,700,712,718
 Eswatini,278,312,352,400,456,521,612,722,882,1004,1144,1259,1355,1436,1514,1586,1651,1708,1757,1798,1835
 Sweden,7015,7263,7481,7734,8043,8193,8311,8357,8601,8878,8925,9083,9433,9802,10203,10588,10914,11190,11458,11734,12012
  Switzerland,4695,4981,5363,5944,6268,6404,6386,6568,6844,7165,7278,7449,7770,8122,8404,8666,8894,9085,9248,9398,9540
 Syria,3496,3938,4531,5323,6253,7398,8740,10479,12534,14487,16515,18615,21766,17065,22347,24538,26090,27563,28938,30173,31226
 Taiwan,7982,9486,11210,12978,14599,16123,17849,19338,20279,21291,22185,22728,23127,23416,23604,23643,23508,23149,22550,21759,20835
 Tajikistan,1531,1781,2081,2511,2939,3449,3967,4569,5273,5679,6230,6815,7488,8192,8874,9511,10104,10668,11203,11697,12133
 Tanzania,7935,8971,10260,11871,13807,16148,18654,21485,24805,29065,33194,38487,44289,51046,58553,68905,76071,85946,96400,107301,118587
 Thailand,20042,23452,27513,32062,37091,42273,47026,51759,56097,59818,62902,65113,66721,67977,68978,69589,69751,69447,68696,67546,66064
 Gambia,272,307,352,412,485,566,653,773,952,1162,1357,1548,1756,1968,2174,2370,2555,2731,2900,3060,3211
 Togo,1172,1299,1456,1648,1965,2267,2626,3130,3721,4203,4992,5715,6588,7553,8609,9742,10953,12246,13622,15074,16584
 Tonga,46,55,64,75,84,90,92,95,97,98,101,104,106,107,107,105,103,99,94,88,79
 Trinidad and Tobago,633,721,842,940,956,1007,1091,1190,1256,1265,1252,1237,1229,1223,1209,1184,1152,1118,1086,1055,1024
 Tunisia,3518,3847,4150,4566,5099,5704,6444,7364,8208,8947,9508,10013,10526,11038,11495,11850,12087,12223,12285,12277,12181
 Turkey,21122,24145,28218,31951,35759,40530,45048,50989,56545,61296,65970,70465,74687,79415,82018,84545,86671,88279,89283,89626,89291
 Turkmenistan,1205,1348,1585,1883,2182,2524,2876,3241,3659,4079,4386,4665,4941,5232,5929,6011,6027,6210,6364,6498,6608
 Turks and Caicos Islands,6,6,6,6,6,7,8,10,12,15,20,28,44,51,56,62,67,72,76,81,85
 Tuvalu,5,5,6,6,6,7,8,9,10,10,11,11,11,11,12,12,13,13,13,14,14
 Uganda,5522,6318,7262,8390,9716,10761,12020,13811,16549,19641,22917,26917,31508,37102,43518,50693,58489,66782,75460,84402,93477
 Ukraine,36775,39369,42645,45235,47236,48974,50047,50945,51623,51248,49014,47003,45769,44430,43923,42888,41699,40538,39428,38325,37149
 United Arab Emirates,72,83,104,144,250,523,1001,1364,1827,2458,3220,4087,4976,5780,6496,7064,7484,7773,7949,8025,8019
 United Kingdom,50128,50947,52373,54351,55633,56216,56315,56585,57411,58187,59140,60488,62349,64089,65762,67244,68451,69394,70149,70743,71154
 United States,151869,165070,179980,193527,203985,215466,227225,237924,249623,266279,282163,295517,309348,321369,334504,347335,359403,370339,380220,389395,398329
 United States Virgin Islands,27,28,33,44,64,95,100,101,104,108,109,108,107,104,101,96,91,86,80,75,69
 Uruguay,2195,2354,2531,2694,2824,2844,2931,3019,3086,3151,3220,3265,3302,3342,3388,3432,3467,3486,3501,3504,3496
 Uzbekistan,6293,7233,8532,10206,11941,13988,15994,18216,20531,23068,25042,26540,27866,29200,30566,31824,32855,33653,34279,34768,35117
 Vanuatu,53,59,67,75,86,100,117,135,154,173,192,218,246,273,299,324,348,372,394,415,433
 Venezuela,5010,6171,7557,9068,10759,12675,14768,16998,19326,21550,23493,25270,27224,29276,31276,33189,34958,36544,37942,39174,40256
 Vietnam,25349,27739,31657,37259,42577,48076,53716,60094,67259,73784,79178,84425,89572,94349,98722,102459,105478,107843,109602,110718,111174
 Wallis and Futuna,7,8,8,9,9,9,11,14,14,15,15,16,16,16,16,17,17,17,16,16,16
Western Sahara,10,16,28,50,90,73,125,180,218,264,337,416,492,571,653,736,822,909,998,1086,1174
 Yemen,4778,5266,5872,6511,7099,7935,9133,10540,12417,14832,17236,20003,23210,26738,29885,32823,35660,38437,41142,43710,46081
 Zambia,2554,2870,3255,3695,4241,4849,5541,6536,7604,8691,9984,11373,13042,15067,17427,20105,23137,26546,30339,34497,38993
 Zimbabwe,2854,3410,4011,4686,5515,6342,7170,8561,10157,11160,11821,11640,11652,14230,15832,17371,18820,20282,21840,23492,25199